NoEmp,Folio,Fecha,HoraI,HoraF,Motivos,Maquina,Razon,TurnoSeleccionado,HoraFinalSinMargen,HoraFinalConMargen,Estado
60040,873,2026-03-04,15:00:00,17:00:00,5,90,"Inserciones de prueba (Datos no reales)",turno1,17:00:00,17:15:00,null
60040,873,2026-03-05,18:30:00,20:30:00,5,90,"Inserciones de prueba (Datos no reales)",mixto2,20:30:00,20:45:00,null
55217,873,2026-02-11,15:00:00,17:00:00,5,90,"Inserciones de prueba (Datos no reales)",turno1,17:00:00,17:15:00,null
60040,874,2026-03-12,17:00:00,19:00:00,4,90,"Datos de prueba 1 dia despues de hoy",mixto1,19:00:00,19:15:00,null
60044,874,2026-03-12,17:00:00,19:00:00,10,90,"Datos de prueba 1 dia despues de hoy",mixto1,19:00:00,19:15:00,null
55217,874,2026-03-13,17:00:00,19:00:00,10,90,"Datos de prueba 2 dias despues de hoy",mixto1,19:00:00,19:15:00,null
55217,874,2026-03-11,17:00:00,19:00:00,10,90,"Datos de prueba 2 dias despues de hoy",mixto1,19:00:00,19:15:00,null
60040,873,2026-03-05,18:30:00,20:30:00,10,90,"Inserciones de prueba (Datos no reales)",mixto2,20:30:00,20:45:00,null
60040,873,2026-03-05,18:30:00,20:30:00,10,90,"Inserciones de prueba (Datos no reales)",mixto2,20:30:00,20:45:00,null
60040,873,2026-03-04,15:00:00,17:00:00,10,90,"Inserciones de prueba (Datos no reales)",turno1,17:00:00,17:15:00,null
60040,873,2026-03-04,15:00:00,17:00:00,10,90,"Inserciones de prueba (Datos no reales)",turno1,17:00:00,17:15:00,null
60040,873,2026-03-05,15:00:00,17:00:00,10,90,"Inserciones de prueba (Datos no reales)",turno1,17:00:00,17:15:00,null
60040,873,2026-03-05,15:00:00,17:00:00,10,90,"Inserciones de prueba (Datos no reales)",turno1,17:00:00,17:15:00,null
60040,873,2026-03-04,15:00:00,17:00:00,10,90,"Inserciones de prueba (Datos no reales)",turno1,17:00:00,17:15:00,null
60040,874,2026-02-06,15:00:00,17:00:00,10,90,"Inserciones de prueba (Datos no reales)",turno1,17:00:00,17:15:00,null
60040,873,2026-02-05,15:00:00,17:00:00,10,90,"Inserciones de prueba (Datos no reales)",turno1,17:00:00,17:15:00,null
60040,873,2026-02-04,15:00:00,17:00:00,10,90,"Inserciones de prueba (Datos no reales)",turno1,17:00:00,17:15:00,null
60040,873,2026-02-04,15:00:00,17:00:00,1,90,"Inserciones de prueba (Datos no reales)",turno1,17:00:00,17:15:00,null
60040,874,2026-03-10,07:00:00,09:00:00,1,90,"Inserciones de prueba (Datos no reales)",turno3,09:00:00,09:15:00,null
60040,874,2026-03-10,07:00:00,09:00:00,10,90,"Inserciones de prueba (Datos no reales)",turno3,09:00:00,09:15:00,null
60044,874,2026-03-10,07:00:00,09:00:00,10,90,"Inserciones de prueba (Datos no reales)",turno3,09:00:00,09:15:00,null
60044,874,2026-03-10,07:00:00,09:00:00,2,90,"Inserciones de prueba (Datos no reales)",turno3,09:00:00,09:15:00,null
60044,874,2026-03-10,07:00:00,13:20:00,2,90,"Inserciones de prueba (Datos no reales)",turno3,13:20:00,13:35:00,null
60044,874,2026-03-10,07:00:00,13:20:00,10,90,"Inserciones de prueba (Datos no reales)",turno3,13:20:00,13:35:00,null
60040,874,2026-03-10,07:00:00,13:20:00,10,90,"Inserciones de prueba (Datos no reales)",turno3,13:20:00,13:35:00,null
60040,874,2026-03-10,07:00:00,13:20:00,10,90,"Inserciones de prueba (Datos no reales)",turno3,13:20:00,13:35:00,null
60040,874,2026-03-10,07:00:00,13:20:00,4,90,"Inserciones de prueba (Datos no reales)",turno3,13:20:00,13:35:00,null
60040,874,2026-03-11,07:00:00,13:20:00,4,90,"Inserciones de prueba (Datos no reales)",turno3,13:20:00,13:35:00,null
60040,874,2026-03-11,07:00:00,13:20:00,10,90,"Inserciones de prueba (Datos no reales)",turno3,13:20:00,13:35:00,null
60044,874,2026-03-11,07:00:00,13:20:00,2,90,"Inserciones de prueba (Datos no reales)",turno3,13:20:00,13:35:00,null
60044,874,2026-03-11,07:00:00,13:20:00,10,90,"Inserciones de prueba (Datos no reales)",turno3,13:20:00,13:35:00,null
60044,874,2026-03-11,07:00:00,13:24:00,10,90,"Inserciones de prueba (Datos no reales)",turno3,13:24:00,13:39:00,null
60044,874,2026-03-11,07:00:00,13:24:00,1,90,"Inserciones de prueba (Datos no reales)",turno3,13:24:00,13:39:00,null
60040,874,2026-03-11,07:00:00,13:24:00,1,90,"Inserciones de prueba (Datos no reales)",turno3,13:24:00,13:39:00,null
60040,874,2026-03-11,07:00:00,13:24:00,1,90,"Inserciones de prueba (Datos no reales)",turno3,13:24:00,13:39:00,null
60040,874,2026-03-11,07:00:00,13:24:00,10,90,"Inserciones de prueba (Datos no reales)",turno3,13:24:00,13:39:00,null
60040,874,2026-03-11,07:00:00,13:30:00,10,90,"Inserciones de prueba (Datos no reales)",turno3,13:30:00,13:45:00,null
60040,874,2026-03-11,07:00:00,13:30:00,1,90,"Inserciones de prueba (Datos no reales)",turno3,13:30:00,13:45:00,null
60044,874,2026-03-11,07:00:00,13:30:00,1,90,"Inserciones de prueba (Datos no reales)",turno3,13:30:00,13:45:00,null
60044,874,2026-03-11,07:00:00,13:30:00,5,90,"Inserciones de prueba (Datos no reales)",turno3,13:30:00,13:45:00,null
60044,874,2026-03-11,07:00:00,13:30:00,10,90,"Inserciones de prueba (Datos no reales)",turno3,13:30:00,13:45:00,null
55217,874,2026-02-09,17:00:00,20:00:00,6,90,"Datos de prueba 2",mixto1,20:00:00,20:15:00,null
55217,874,2026-02-09,17:00:00,20:00:00,10,90,"Datos de prueba 2",mixto1,20:00:00,20:15:00,null
55217,874,2026-02-10,17:00:00,20:00:00,10,90,"Datos de prueba 2",mixto1,20:00:00,20:15:00,null
55217,874,2026-02-11,17:00:00,19:00:00,10,90,"Datos de prueba 2",mixto1,19:00:00,19:15:00,null
55217,874,2026-02-11,17:00:00,19:00:00,10,90,"Datos de prueba 2",mixto1,19:00:00,19:15:00,null
55217,874,2026-02-11,17:00:00,19:00:00,10,90,"Datos de prueba 2",mixto1,19:00:00,19:15:00,null
55217,873,2026-02-11,17:00:00,20:00:00,10,90,"Inserción de prueba (Datos no reales)",mixto1,20:00:00,20:15:00,null
60044,873,2026-03-13,17:00:00,19:00:00,4,64,"Inserción de prueba (Datos no reales)",mixto1,19:00:00,19:15:00,null
60040,874,2026-03-11,07:00:00,09:00:00,4,122,"Inserción de prueba (Datos no reales)",turno3,09:00:00,09:15:00,null
60040,874,2026-03-11,07:00:00,09:00:00,4,122,"Inserción de prueba (Datos no reales)",turno3,09:00:00,09:15:00,null
60040,875,2026-03-13,18:30:00,21:30:00,5,90,"Inserción de prueba (Datos no reales)",mixto2,21:30:00,21:45:00,null
60044,875,2026-03-12,07:00:00,10:00:00,5,90,"Inserción de prueba (Datos no reales)",turno3,10:00:00,10:15:00,null
60044,875,2026-03-13,15:00:00,17:00:00,5,90,"Inserción de prueba (Datos no reales)",turno1,17:00:00,17:15:00,null
60044,875,2026-03-13,07:00:00,09:00:00,10,90,"Inserción de prueba (Datos no reales)",turno3,09:00:00,09:15:00,null
55217,875,2026-02-10,17:00:00,19:00:00,10,90,"Inserción de prueba (Datos no reales)",mixto1,19:00:00,19:15:00,null
55217,875,2026-02-10,17:00:00,19:00:00,1,90,"Inserción de prueba (Datos no reales)",mixto1,19:00:00,19:15:00,null
55217,876,2026-02-10,17:00:00,21:00:00,5,137,"Datos de prueba.",mixto1,21:00:00,21:15:00,null
55217,876,2026-02-10,17:00:00,21:00:00,10,137,"Datos de prueba.",mixto1,21:00:00,21:15:00,null
55217,876,2026-02-10,17:00:00,20:00:00,4,137,"Datos de prueba.",mixto1,20:00:00,20:15:00,null
55217,876,2026-02-10,17:00:00,20:00:00,10,137,"Datos de prueba.",mixto1,20:00:00,20:15:00,null
55217,877,2026-02-09,17:00:00,19:00:00,1,64,"Datos de prueba",mixto1,19:00:00,19:15:00,null
55217,877,2026-02-10,17:00:00,19:00:00,10,64,"Datos de prueba",mixto1,19:00:00,19:15:00,null
55217,877,2026-02-09,17:00:00,19:00:00,10,64,"Datos de prueba",mixto1,19:00:00,19:15:00,null
55217,877,2026-02-09,17:00:00,19:00:00,1,64,"Datos de prueba",mixto1,19:00:00,19:15:00,null
55217,877,2026-02-09,17:00:00,19:00:00,4,64,"Datos de prueba",mixto1,19:00:00,19:15:00,null
55217,877,2026-02-09,17:00:00,19:00:00,10,64,"Datos de prueba",mixto1,19:00:00,19:15:00,null
55217,877,2026-02-09,01:00:00,04:00:00,8,64,"Datos de prueba",mixto1,19:00:00,19:15:00,null
55217,877,2026-02-09,17:00:00,19:00:00,1,81,"Datos de prueba 2",mixto1,19:00:00,19:15:00,null
55217,877,2026-02-09,17:00:00,19:00:00,5,81,"Datos de prueba 2",mixto1,19:00:00,19:15:00,null
55217,877,2026-02-09,17:00:00,19:00:00,10,81,"Datos de prueba 2",mixto1,19:00:00,19:15:00,null
55217,877,2026-02-09,17:00:00,19:00:00,11,81,"Datos de prueba 2",mixto1,19:00:00,19:15:00,null
55217,877,2026-02-09,01:00:00,04:00:00,8,81,"Datos de prueba 2",mixto1,19:00:00,19:15:00,null
55217,877,2026-02-09,17:00:00,19:00:00,1,81,"Datos de prueba 2",mixto1,19:00:00,19:15:00,null
55217,877,2026-02-09,17:00:00,19:00:00,1,65,"Datos de prueba 2",mixto1,19:00:00,19:15:00,null
55217,877,2026-02-09,17:00:00,19:00:00,10,65,"Datos de prueba 2",mixto1,19:00:00,19:15:00,null
55217,877,2026-02-09,17:00:00,19:00:00,6,65,"Datos de prueba 2",mixto1,19:00:00,19:15:00,null
55217,877,2026-02-09,17:00:00,19:00:00,1,90,"Datos de prueba",mixto1,19:00:00,19:15:00,null
55217,877,2026-02-09,17:00:00,19:00:00,2,90,"Datos de prueba",mixto1,19:00:00,19:15:00,null
55217,877,2026-02-09,17:00:00,19:00:00,10,90,"Datos de prueba",mixto1,19:00:00,19:15:00,null
55217,877,2026-02-09,17:00:00,19:00:00,2,90,"Datos de prueba",mixto1,19:00:00,19:15:00,null
55217,877,2026-02-09,17:00:00,19:00:00,4,90,"Datos de prueba",mixto1,19:00:00,19:15:00,null
55217,877,2026-02-09,17:00:00,19:00:00,7,90,"Datos de prueba",mixto1,19:00:00,19:15:00,null
55217,877,2026-02-09,17:00:00,19:00:00,10,90,"Datos de prueba",mixto1,19:00:00,19:15:00,null
55217,877,2026-02-09,17:00:00,19:00:00,2,90,"Datos de prueba",mixto1,19:00:00,19:15:00,null
55217,877,2026-02-09,17:00:00,19:00:00,11,90,"Datos de prueba",mixto1,19:00:00,19:15:00,null
55217,877,2026-02-09,17:00:00,19:00:00,5,90,"Datos de prueba",mixto1,19:00:00,19:15:00,null
55217,877,2026-02-09,01:00:00,04:00:00,8,90,"Datos de prueba",mixto1,19:00:00,19:15:00,null
55217,877,2026-02-09,17:00:00,19:00:00,10,90,"Datos de prueba",mixto1,19:00:00,19:15:00,null
55217,877,2026-02-09,17:00:00,19:00:00,2,90,"Datos de prueba",mixto1,19:00:00,19:15:00,null
55217,877,2026-02-09,17:00:00,19:00:00,7,90,"Datos de prueba",mixto1,19:00:00,19:15:00,null
55217,877,2026-02-09,01:00:00,04:00:00,8,90,"Datos de prueba",mixto1,19:00:00,19:15:00,null
55217,877,2026-02-09,17:00:00,19:00:00,2,90,"Datos de prueba",mixto1,19:00:00,19:15:00,null
55217,877,2026-02-09,17:00:00,19:00:00,1,90,"Datos de prueba",mixto1,19:00:00,19:15:00,null
55217,877,2026-02-09,17:00:00,19:00:00,4,90,"Datos de prueba",mixto1,19:00:00,19:15:00,null
55217,877,2026-02-09,01:00:00,04:00:00,8,90,"Datos de prueba",mixto1,19:00:00,19:15:00,null
55217,877,2026-02-09,17:00:00,19:00:00,2,90,"Datos de prueba",mixto1,19:00:00,19:15:00,null
55217,877,2026-02-10,17:00:00,19:00:00,4,90,"Datos de prueba",mixto1,19:00:00,19:15:00,null
55217,877,2026-02-11,17:00:00,19:00:00,6,90,"Datos de prueba",mixto1,19:00:00,19:15:00,null
60040,877,2026-03-13,15:00:00,17:00:00,4,90,"Datos de prueba",turno1,17:00:00,17:15:00,null
55217,878,2026-02-10,17:00:00,20:00:00,3,65,Pruebas,mixto1,20:00:00,20:15:00,null
55217,878,2026-02-11,17:00:00,20:00:00,3,65,Pruebas,mixto1,20:00:00,20:15:00,null
55217,878,2026-02-12,17:00:00,20:00:00,3,65,Pruebas,mixto1,20:00:00,20:15:00,null
60040,879,2026-02-09,15:00:00,17:00:00,10,90,"Datos de prueba",turno1,17:00:00,17:15:00,null
55217,879,2026-02-09,17:00:00,19:00:00,10,137,"Datos de prueba",mixto1,19:00:00,19:15:00,null
55217,879,2026-02-10,17:00:00,19:00:00,5,137,"Datos de prueba",mixto1,19:00:00,19:15:00,null
55217,879,2026-02-11,17:00:00,19:00:00,6,137,"Datos de prueba",mixto1,19:00:00,19:15:00,null
60040,880,2026-03-15,17:00:00,19:30:00,5,122,"Datos de prueba",mixto1,19:30:00,19:45:00,null
55217,880,2026-02-10,17:00:00,19:00:00,5,122,"Datos de prueba",mixto1,19:00:00,19:15:00,null
55217,880,2026-02-11,17:00:00,19:00:00,5,122,"Datos de prueba",mixto1,19:00:00,19:15:00,null
55217,880,2026-03-14,17:00:00,19:00:00,5,122,"Datos de prueba",mixto1,19:00:00,19:15:00,null
55217,880,2026-03-15,17:00:00,19:00:00,5,122,"Datos de prueba",mixto1,19:00:00,19:15:00,null
60040,879,2026-03-13,17:00:00,20:00:00,2,90,"Datos de prueba",mixto1,20:00:00,20:15:00,null
51947,882,2026-03-10,17:00:00,20:00:00,7,90,"Datos de prueba",mixto1,20:00:00,20:15:00,null
51947,882,2026-03-11,17:00:00,19:00:00,7,90,"Datos de prueba",mixto1,19:00:00,19:15:00,null
51947,879,2026-03-12,17:00:00,19:00:00,1,90,"Datos de prueba",mixto1,19:00:00,19:15:00,null
55217,883,2026-02-09,17:00:00,20:00:00,10,90,"Datos de prueba",mixto1,20:00:00,20:15:00,null
55217,883,2026-02-10,17:00:00,20:00:00,10,90,"Datos de prueba",mixto1,20:00:00,20:15:00,null
55217,883,2026-02-10,17:00:00,20:00:00,10,90,"Datos de prueba",mixto1,20:00:00,20:15:00,null
55217,883,2026-02-11,17:00:00,20:00:00,10,90,"Datos de prueba",mixto1,20:00:00,20:15:00,null
55217,883,2026-02-12,17:00:00,20:00:00,10,90,"Datos de prueba",mixto1,20:00:00,20:15:00,null
55217,883,2026-02-13,17:00:00,20:00:00,10,90,"Datos de prueba",mixto1,20:00:00,20:15:00,null
55217,884,2026-03-11,17:00:00,19:00:00,1,90,"Datos de prueba",mixto1,19:00:00,19:15:00,null
55217,884,2026-03-11,17:00:00,19:00:00,4,90,"Datos de prueba",mixto1,19:00:00,19:15:00,null
55217,884,2026-03-14,15:00:00,17:00:00,1,90,"Datos de prueba",turno1,17:00:00,17:15:00,null
55217,884,2026-03-14,15:00:00,17:00:00,3,90,"Datos de prueba",turno1,17:00:00,17:15:00,null
55217,884,2026-03-14,15:00:00,17:00:00,10,90,"Datos de prueba",turno1,17:00:00,17:15:00,null
55217,884,2026-03-14,15:00:00,17:00:00,2,90,"Datos de prueba",turno1,17:00:00,17:15:00,null
55217,884,2026-03-14,01:00:00,04:00:00,8,90,"Datos de prueba",turno1,17:00:00,17:15:00,null
55217,884,2026-03-14,15:00:00,17:00:00,10,90,"Datos de prueba",turno1,17:00:00,17:15:00,null
55217,884,2026-03-14,15:00:00,17:00:00,1,90,"Datos de prueba",turno1,17:00:00,17:15:00,null
55217,884,2026-03-14,15:00:00,17:00:00,2,90,"Datos de prueba",turno1,17:00:00,17:15:00,null
55217,884,2026-03-14,15:00:00,17:00:00,7,90,"Datos de prueba",turno1,17:00:00,17:15:00,null
55217,884,2026-03-14,01:00:00,04:00:00,8,90,"Datos de prueba",turno1,17:00:00,17:15:00,null
55217,884,2026-03-14,01:00:00,04:00:00,8,90,"Datos de prueba",turno1,17:00:00,17:15:00,null
55217,884,2026-03-14,15:00:00,17:00:00,1,90,"Datos de prueba",turno1,17:00:00,17:15:00,null
55217,884,2026-03-14,15:00:00,17:00:00,2,90,"Datos de prueba",turno1,17:00:00,17:15:00,null
55217,884,2026-03-14,15:00:00,17:00:00,10,90,"Datos de prueba",turno1,17:00:00,17:15:00,null
55217,884,2026-03-14,15:00:00,17:00:00,5,90,"Datos de prueba",turno1,17:00:00,17:15:00,null
55217,884,2026-03-14,15:00:00,17:00:00,7,90,"Datos de prueba",turno1,17:00:00,17:15:00,null
55217,884,2026-03-14,15:00:00,17:00:00,10,90,"Datos de prueba",turno1,17:00:00,17:15:00,null
55217,884,2026-03-14,15:00:00,17:00:00,3,90,"Datos de prueba",turno1,17:00:00,17:15:00,null
55217,884,2026-03-14,15:00:00,17:00:00,1,90,"Datos de prueba",turno1,17:00:00,17:15:00,null
55217,884,2026-03-14,01:00:00,04:00:00,8,90,"Datos de prueba",turno1,17:00:00,17:15:00,null
55217,885,2026-03-14,17:00:00,19:00:00,10,90,"Datos de prueba 2",mixto1,19:00:00,19:15:00,null
55217,885,2026-03-14,17:00:00,19:00:00,1,90,"Datos de prueba 2",mixto1,19:00:00,19:15:00,null
55217,885,2026-03-14,17:00:00,19:00:00,5,90,"Datos de prueba 2",mixto1,19:00:00,19:15:00,null
55217,885,2026-03-14,17:00:00,19:00:00,7,90,"Datos de prueba 2",mixto1,19:00:00,19:15:00,null
55217,885,2026-03-14,01:00:00,04:00:00,8,90,"Datos de prueba 2",mixto1,19:00:00,19:15:00,null
55217,886,2026-02-09,17:00:00,20:00:00,2,64,"Datos de prueba",mixto1,20:00:00,20:15:00,null
55217,886,2026-02-10,17:00:00,20:00:00,2,64,"Datos de prueba",mixto1,20:00:00,20:15:00,null
55217,886,2026-02-11,17:00:00,20:00:00,2,64,"Datos de prueba",mixto1,20:00:00,20:15:00,null
51947,887,2026-03-10,18:30:00,21:30:00,7,90,"Datos de prueba",mixto2,21:30:00,21:45:00,null
51947,887,2026-03-11,18:30:00,21:30:00,7,90,"Datos de prueba",mixto2,21:30:00,21:45:00,null
55217,887,2026-02-10,17:00:00,20:00:00,9,65,"Datos de prueba",mixto1,20:00:00,20:15:00,null
55217,887,2026-02-11,17:00:00,19:00:00,9,65,"Datos de prueba",mixto1,19:00:00,19:15:00,null
55217,887,2026-02-12,17:00:00,19:00:00,9,65,"Datos de prueba",mixto1,19:00:00,19:15:00,null
55217,887,2026-03-10,17:00:00,19:00:00,9,65,"Datos de prueba",mixto1,19:00:00,19:15:00,null
55217,887,2026-03-11,17:00:00,19:00:00,9,65,"Datos de prueba",mixto1,19:00:00,19:15:00,null
55217,886,2026-03-17,17:00:00,19:30:00,4,81,"Datos de prueba",mixto1,19:30:00,19:45:00,null
55217,886,2026-03-17,17:00:00,19:30:00,5,64,"Datos de prueba",mixto1,19:30:00,19:45:00,null
55217,886,2026-03-22,17:00:00,19:30:00,5,64,"Datos de prueba",mixto1,19:30:00,19:45:00,null
55217,886,2026-03-23,17:00:00,19:30:00,5,64,"Datos de prueba",mixto1,19:30:00,19:45:00,null
55217,890,2026-03-17,17:00:00,19:00:00,2,64,"Datos de prueba",mixto1,19:00:00,19:15:00,null
55217,890,2026-03-22,17:00:00,19:00:00,2,64,"Datos de prueba",mixto1,19:00:00,19:15:00,null
55217,890,2026-03-23,17:00:00,19:00:00,2,64,"Datos de prueba",mixto1,19:00:00,19:15:00,null
55217,887,2026-03-17,17:00:00,19:00:00,5,90,"Datos de prueba",mixto1,19:00:00,19:15:00,null
55217,887,2026-03-18,17:00:00,19:00:00,5,90,"Datos de prueba",mixto1,19:00:00,19:15:00,null
35657,895,2026-03-17,16:30:00,05:30:00,1,90,"Datos de prueba",mixto3,05:30:00,05:45:00,null
35657,895,2026-03-17,16:30:00,05:30:00,1,90,"Datos de prueba",mixto3,05:30:00,05:45:00,null
35657,895,2026-03-17,17:00:00,18:00:00,1,90,"Datos de prueba",mixto1,18:00:00,18:15:00,null
35657,895,2026-03-17,17:00:00,18:00:00,1,90,"Datos de prueba",mixto1,18:00:00,18:15:00,null
35657,895,2026-03-17,17:00:00,06:00:00,1,90,"Datos de prueba",mixto1,06:00:00,06:15:00,null
35657,895,2026-03-17,17:00:00,06:00:00,2,90,"Datos de prueba",mixto1,06:00:00,06:15:00,null
35657,895,2026-03-17,17:00:00,06:00:00,10,90,"Datos de prueba",mixto1,06:00:00,06:15:00,null
35657,895,2026-03-17,17:00:00,06:00:00,10,90,"Datos de prueba",mixto1,06:00:00,06:15:00,null
35657,895,2026-03-17,17:00:00,06:30:00,10,90,"Datos de prueba",mixto1,06:30:00,06:45:00,null
35657,895,2026-03-17,16:30:00,06:00:00,10,90,"Datos de prueba",mixto3,06:00:00,06:15:00,null
35657,895,2026-03-17,16:30:00,06:00:00,3,90,"Datos de prueba",mixto3,06:00:00,06:15:00,null
35657,895,2026-03-17,15:00:00,04:40:00,3,90,"Datos de prueba",turno1,04:40:00,04:55:00,null
35657,895,2026-03-17,15:00:00,04:40:00,3,90,"Datos de prueba",turno1,04:40:00,04:55:00,null
35657,895,2026-03-17,15:00:00,04:00:00,4,90,"Datos de prueba",turno1,04:00:00,04:15:00,null
35657,895,2026-03-17,15:00:00,04:00:00,10,90,"Datos de prueba",turno1,04:00:00,04:15:00,null
35657,895,2026-03-17,15:00:00,04:00:00,10,90,"Datos de prueba",turno1,04:00:00,04:15:00,null
35657,895,2026-03-17,15:00:00,04:00:00,10,90,"Datos de prueba 2",turno1,04:00:00,04:15:00,null
35657,895,2026-03-17,15:00:00,04:00:00,1,90,"Datos de prueba 2",turno1,04:00:00,04:15:00,null
35657,895,2026-03-17,07:00:00,20:00:00,1,90,"Datos de prueba 2",turno3,20:00:00,20:15:00,null
35657,895,2026-03-17,15:00:00,16:00:00,1,90,"Datos de prueba 2",turno1,16:00:00,16:15:00,null
35657,895,2026-03-17,15:00:00,16:00:00,2,90,"Datos de prueba 2",turno1,16:00:00,16:15:00,null
35657,895,2026-03-17,22:30:00,23:30:00,2,90,"Datos de prueba 2",turno2,23:30:00,23:45:00,null
35657,895,2026-03-17,07:00:00,08:00:00,2,90,"Datos de prueba 2",turno3,08:00:00,08:15:00,null
35657,895,2026-03-17,17:00:00,18:00:00,2,90,"Datos de prueba 2",mixto1,18:00:00,18:15:00,null
35657,895,2026-03-17,18:30:00,19:30:00,2,90,"Datos de prueba 2",mixto2,19:30:00,19:45:00,null
35657,895,2026-03-17,16:30:00,17:30:00,2,90,"Datos de prueba 2",mixto3,17:30:00,17:45:00,null
35657,895,2026-03-17,16:30:00,18:30:00,1,90,"Datos de prueba 2",mixto3,18:30:00,18:45:00,null
60040,895,2026-03-23,18:30:00,19:30:00,6,90,"Datos de prueba 2",mixto2,19:30:00,19:45:00,null
60040,896,2026-04-06,15:00:00,17:00:00,10,90,"Datos de prueba 2",turno1,17:00:00,17:15:00,null
55217,897,2026-04-02,18:30:00,20:30:00,3,90,"Datos de prueba 2",mixto2,20:30:00,20:45:00,null
55217,897,2026-04-03,16:30:00,21:30:00,4,90,"Datos de prueba 2",mixto3,21:30:00,21:45:00,null
55217,897,2026-04-03,15:00:00,20:00:00,4,90,"Datos de prueba 2",turno1,20:00:00,20:15:00,null
55217,897,2026-04-03,15:00:00,20:00:00,10,90,"Datos de prueba 2",turno1,20:00:00,20:15:00,null
55217,897,2026-04-03,15:00:00,20:00:00,7,90,"Datos de prueba 2",turno1,20:00:00,20:15:00,null
55217,897,2026-04-03,01:00:00,04:00:00,8,90,"Datos de prueba 2",turno1,20:00:00,20:15:00,null
55217,897,2026-04-03,01:00:00,04:00:00,8,90,"Datos de prueba 2",turno1,20:00:00,20:15:00,null
55217,897,2026-04-03,16:30:00,21:30:00,10,90,"Datos de prueba 2",mixto3,21:30:00,21:45:00,null
55217,897,2026-04-03,16:30:00,21:30:00,2,90,"Datos de prueba 2",mixto3,21:30:00,21:45:00,null
55217,897,2026-04-04,16:30:00,18:30:00,1,90,"Datos de prueba 2",mixto3,18:30:00,18:45:00,null
55217,897,2026-04-04,16:30:00,18:30:00,1,90,"Datos de prueba 2",mixto3,18:30:00,18:45:00,null
55217,897,2026-04-04,16:30:00,18:30:00,2,103,"Datos de prueba 2",mixto3,18:30:00,18:45:00,null
55217,897,2026-04-04,16:30:00,18:30:00,10,103,"Datos de prueba 2",mixto3,18:30:00,18:45:00,null
55217,897,2026-04-04,16:30:00,19:30:00,4,90,"Datos de prueba 2",mixto3,19:30:00,19:45:00,null
55217,897,2026-04-04,16:30:00,19:30:00,4,90,"Datos de prueba 2",mixto3,19:30:00,19:45:00,null
55217,897,2026-04-03,16:30:00,17:30:00,11,111,"Inserción de prueba (Datos no reales)",mixto3,17:30:00,17:45:00,null
55217,897,2026-04-03,16:30:00,18:30:00,11,111,"Inserción de prueba (Datos no reales)",mixto3,18:30:00,18:45:00,null
55217,897,2026-04-03,16:30:00,18:30:00,11,111,"Inserción de prueba (Datos no reales)",mixto3,18:30:00,18:45:00,null
55217,897,2026-04-03,16:30:00,18:30:00,10,111,"Inserción de prueba (Datos no reales)",mixto3,18:30:00,18:45:00,null
55217,897,2026-04-03,16:30:00,18:30:00,10,111,"Inserción de prueba (Datos no reales)",mixto3,18:30:00,18:45:00,null
55217,897,2026-04-02,16:30:00,18:30:00,10,90,"Inserción de prueba (Datos no reales)",mixto3,18:30:00,18:45:00,null
55217,897,2026-04-02,16:30:00,18:30:00,10,90,"Inserción de prueba (Datos no reales)",mixto3,18:30:00,18:45:00,null
55217,897,2026-04-02,16:30:00,18:30:00,10,90,"Inserción de prueba (Datos no reales)",mixto3,18:30:00,18:45:00,null
55217,897,2026-04-02,16:30:00,18:30:00,10,90,"Inserción de prueba (Datos no reales)",mixto3,18:30:00,18:45:00,null
55217,897,2026-04-02,16:30:00,18:30:00,7,90,"Inserción de prueba (Datos no reales)",mixto3,18:30:00,18:45:00,null
55217,897,2026-04-02,16:30:00,18:30:00,7,90,"Datos de prueba 2",mixto3,18:30:00,18:45:00,null
55217,897,2026-04-02,16:30:00,18:30:00,7,90,"Datos de prueba 2",mixto3,18:30:00,18:45:00,null
55217,897,2026-04-02,16:30:00,18:30:00,10,90,"Datos de prueba 2",mixto3,18:30:00,18:45:00,null
55217,897,2026-04-03,16:30:00,18:30:00,1,90,"Datos de prueba 1.",mixto3,18:30:00,18:45:00,null
55217,897,2026-04-03,16:30:00,18:30:00,1,90,"Datos de prueba 1.",mixto3,18:30:00,18:45:00,null
55217,897,2026-04-03,16:30:00,18:30:00,3,108,"Datos de prueba 1.",mixto3,18:30:00,18:45:00,null
55217,897,2026-04-03,16:30:00,18:30:00,3,108,"Datos de prueba 1.",mixto3,18:30:00,18:45:00,null
55217,897,2026-04-03,16:30:00,18:30:00,10,108,"Datos de prueba 1.",mixto3,18:30:00,18:45:00,null
55217,897,2026-04-03,16:30:00,18:30:00,3,103,"Datos de prueba",mixto3,18:30:00,18:45:00,null
55217,897,2026-04-03,16:30:00,18:30:00,10,103,"Datos de prueba",mixto3,18:30:00,18:45:00,null
55217,897,2026-04-03,16:30:00,18:30:00,10,103,"Datos de prueba",mixto3,18:30:00,18:45:00,null
55217,897,2026-04-05,16:30:00,18:30:00,3,90,"Datos de prueba",mixto3,18:30:00,18:45:00,null
55217,897,2026-04-05,16:30:00,19:30:00,3,90,"Datos de prueba",mixto3,19:30:00,19:45:00,null
55217,897,2026-04-05,16:30:00,19:30:00,3,90,"Datos de prueba",mixto3,19:30:00,19:45:00,null
55217,897,2026-04-05,16:30:00,19:30:00,3,90,"Datos de prueba",mixto3,19:30:00,19:45:00,null
55217,897,2026-04-05,16:30:00,19:30:00,3,90,"Datos de prueba",mixto3,19:30:00,19:45:00,null
55217,897,2026-04-06,16:30:00,21:30:00,5,90,"Datos de prueba 2",mixto3,21:30:00,21:45:00,null
60040,897,2026-04-05,15:00:00,17:00:00,3,90,"Datos de prueba",turno1,17:00:00,17:15:00,null
60044,897,2026-04-05,15:00:00,07:00:00,1,64,"Datos de prueba",turno1,07:00:00,07:15:00,null
55217,897,2026-04-06,15:00:00,17:00:00,2,61,"Datos de prueba",turno1,17:00:00,17:15:00,null
55217,897,2026-04-06,15:00:00,17:00:00,2,61,"Datos de prueba",turno1,17:00:00,17:15:00,null
55217,897,2026-04-06,15:00:00,17:00:00,2,61,"Datos de prueba",turno1,17:00:00,17:15:00,null
55217,897,2026-04-06,16:30:00,19:30:00,1,61,"Datos de prueba",mixto3,19:30:00,19:45:00,null
55217,897,2026-04-06,16:30:00,07:30:00,3,61,"Datos de prueba",mixto3,07:30:00,07:45:00,null
55217,897,2026-04-06,16:30:00,07:30:00,3,61,"Datos de prueba",mixto3,07:30:00,07:45:00,null
55217,897,2026-04-06,16:30:00,07:30:00,3,61,"Datos de prueba",mixto3,07:30:00,07:45:00,null
55217,897,2026-04-06,16:30:00,19:30:00,1,60,"Datos de prueba",mixto3,19:30:00,19:45:00,null
55217,897,2026-04-06,16:30:00,19:30:00,1,60,"Datos de prueba",mixto3,19:30:00,19:45:00,null
55217,897,2026-04-06,16:30:00,19:30:00,1,60,"Datos de prueba",mixto3,19:30:00,19:45:00,null
55217,897,2026-04-06,16:30:00,19:30:00,2,60,"Datos de prueba",mixto3,19:30:00,19:45:00,null
55217,897,2026-04-06,16:30:00,19:30:00,2,60,"Datos de prueba 2",mixto3,19:30:00,19:45:00,null
55217,897,2026-04-06,16:30:00,19:30:00,4,90,"Datos de prueba 2",mixto3,19:30:00,19:45:00,null
55217,897,2026-04-06,16:30:00,19:30:00,4,90,"Datos de prueba 2",mixto3,19:30:00,19:45:00,null
55217,897,2026-04-06,16:30:00,19:30:00,4,90,"Datos de prueba 2",mixto3,19:30:00,19:45:00,null
55217,897,2026-04-06,16:30:00,21:30:00,2,90,"Datos de prueba 2",mixto3,21:30:00,21:45:00,null
55217,897,2026-04-06,16:30:00,21:30:00,2,90,"Datos de prueba 2",mixto3,21:30:00,21:45:00,null
60043,897,2026-04-06,17:00:00,18:00:00,4,90,"Datos de prueba 2",mixto1,18:00:00,18:15:00,null
60040,904,2026-04-10,19:00:00,22:30:00,2,90,"Datos de prueba 2",turno3,10:40:00,10:55:00,null
32255,905,2026-03-21,19:00:00,22:30:00,1,90,"Datos de prueba",turno3,22:30:00,22:45:00,
32255,895,2026-03-21,19:00:00,22:30:00,3,90,"Datos de prueba 2",turno3,22:30:00,22:45:00,null
32255,895,2026-03-21,19:00:00,22:30:00,3,90,"Datos de prueba 2",turno3,22:30:00,22:45:00,null
32255,895,2026-03-21,19:00:00,22:30:00,3,90,"Datos de prueba 2",turno3,22:30:00,22:45:00,null
32255,895,2026-03-21,19:00:00,22:30:00,3,90,"Datos de prueba 2",turno3,22:30:00,22:45:00,null
32255,895,2026-03-21,19:00:00,22:30:00,3,90,"Datos de prueba 2",turno3,22:30:00,22:45:00,null
32255,895,2026-03-21,19:00:00,22:30:00,3,90,"Datos de prueba 2",turno3,22:30:00,22:45:00,null
32255,895,2026-03-21,19:00:00,22:30:00,2,90,"Datos de prueba 2",turno3,22:30:00,22:45:00,null
32255,895,2026-03-21,19:00:00,22:30:00,2,90,"Datos de prueba 2",turno3,22:30:00,22:45:00,null
32255,895,2026-03-21,19:00:00,22:30:00,2,90,"Datos de prueba 2",turno3,22:30:00,22:45:00,null
32255,895,2026-03-21,19:00:00,22:30:00,2,90,"Datos de prueba 2",turno3,22:30:00,22:45:00,null
32255,895,2026-03-21,19:00:00,22:30:00,2,90,"Datos de prueba 2",turno3,22:30:00,22:45:00,null
32255,895,2026-03-21,19:00:00,22:30:00,2,90,"Datos de prueba 2",turno3,22:30:00,22:45:00,null
32255,895,2026-03-21,19:00:00,22:30:00,2,90,"Datos de prueba 2",turno3,22:30:00,22:45:00,null
32255,895,2026-03-21,19:00:00,22:30:00,2,90,"Datos de prueba 2",turno3,22:30:00,22:45:00,null
32255,895,2026-03-21,19:00:00,22:30:00,2,90,"Datos de prueba 2",turno3,22:30:00,22:45:00,null
32255,895,2026-03-21,19:00:00,22:30:00,2,90,"Datos de prueba 2",turno3,22:30:00,22:45:00,null
32255,895,2026-03-21,19:00:00,22:30:00,1,90,"Datos de prueba 2",turno3,22:30:00,22:45:00,null
32255,895,2026-03-21,19:00:00,22:30:00,1,90,"Datos de prueba 2",turno3,22:30:00,22:45:00,null
32255,895,2026-03-21,19:00:00,22:30:00,1,90,"Datos de prueba 2",turno3,22:30:00,22:45:00,null
32255,895,2026-03-21,19:00:00,22:30:00,1,90,"Datos de prueba 2",turno3,22:30:00,22:45:00,null
32255,895,2026-03-21,19:00:00,22:30:00,1,90,"Datos de prueba 2",turno3,22:30:00,22:45:00,null
32255,895,2026-03-21,19:00:00,22:30:00,1,90,"Datos de prueba 2",turno3,22:30:00,22:45:00,null
32255,895,2026-03-21,19:00:00,22:30:00,1,90,"Datos de prueba 2",turno3,22:30:00,22:45:00,null
32255,895,2026-03-21,19:00:00,22:30:00,4,90,"Datos de prueba 2",turno3,22:30:00,22:45:00,null
32255,895,2026-03-21,19:00:00,22:30:00,4,90,"Datos de prueba 2",turno3,22:30:00,22:45:00,null
32255,895,2026-03-21,19:00:00,22:30:00,2,90,"Datos de prueba 2",turno3,22:30:00,22:45:00,null
32255,895,2026-03-21,19:00:00,22:30:00,2,90,"Datos de prueba 2",turno3,22:30:00,22:45:00,null
32255,895,2026-03-21,19:00:00,22:30:00,2,90,"Datos de prueba 2",turno3,22:30:00,22:45:00,null
32255,895,2026-03-21,19:00:00,22:30:00,2,90,"Datos de prueba 2",turno3,22:30:00,22:45:00,null
32255,895,2026-03-21,19:00:00,22:30:00,2,90,"Datos de prueba 2",turno3,22:30:00,22:45:00,null
32255,895,2026-03-21,19:00:00,22:30:00,2,90,"Datos de prueba 2",turno3,22:30:00,22:45:00,null
32255,895,2026-03-21,19:00:00,22:30:00,2,90,"Datos de prueba 2",turno3,22:30:00,22:45:00,null
32255,895,2026-03-21,19:00:00,22:30:00,2,90,"Datos de prueba 2",turno3,22:30:00,22:45:00,null
32255,895,2026-03-21,19:00:00,22:30:00,2,90,"Datos de prueba 2",turno3,22:30:00,22:45:00,null
32255,895,2026-03-21,19:00:00,22:30:00,2,90,"Datos de prueba 2",turno3,22:30:00,22:45:00,null
32255,895,2026-03-21,19:00:00,22:30:00,2,90,"Datos de prueba 2",turno3,22:30:00,22:45:00,null
32255,895,2026-03-21,19:00:00,22:30:00,2,90,"Datos de prueba 2",turno3,22:30:00,22:45:00,null
32255,895,2026-03-21,19:00:00,22:30:00,2,90,"Datos de prueba 2",turno3,22:30:00,22:45:00,null
32255,895,2026-03-21,19:00:00,22:30:00,2,90,"Datos de prueba 2",turno3,22:30:00,22:45:00,null
32255,895,2026-03-21,19:00:00,22:30:00,2,90,"Datos de prueba 2",turno3,22:30:00,22:45:00,null
32255,895,2026-03-21,19:00:00,22:30:00,5,90,"Datos de prueba 2",turno3,22:30:00,22:45:00,null
32255,895,2026-03-21,19:00:00,22:30:00,5,90,"Datos de prueba 2",turno3,22:30:00,22:45:00,null
32255,895,2026-03-21,19:00:00,22:30:00,5,90,"Datos de prueba 2",turno3,22:30:00,22:45:00,null
27475,907,2026-03-30,07:00:00,09:00:00,1,65,"Datos de prueba 2",turno3,09:00:00,09:15:00,null
27475,907,2026-03-30,15:00:00,17:00:00,1,65,"Datos de prueba 2",turno1,17:00:00,17:15:00,null
27648,909,2026-03-31,15:00:00,17:00:00,1,114,"Datos de prueba 2",turno1,17:00:00,17:15:00,null
276414,909,2026-03-31,22:30:00,00:30:00,2,110,"Datos de prueba 2",turno2,00:30:00,00:45:00,null
276414,909,2026-03-31,22:30:00,00:30:00,2,110,"Datos de prueba 2",turno2,00:30:00,00:45:00,null
27614,909,2026-03-31,22:30:00,00:30:00,2,112,"Datos de prueba 2",turno2,00:30:00,00:45:00,null
27614,909,2026-03-31,22:30:00,12:30:00,2,112,"Datos de prueba 2",turno2,12:30:00,12:45:00,null
27614,909,2026-03-31,22:30:00,12:30:00,2,112,"Datos de prueba 2",turno2,12:30:00,12:45:00,null
27475,909,2026-04-01,15:00:00,17:00:00,2,106,"Datos de prueba 2",turno1,17:00:00,17:15:00,null
46472,909,2026-04-02,22:30:00,00:30:00,4,64,"Datos de prueba 2",turno2,00:30:00,00:45:00,null
46474,909,2026-04-05,07:00:00,09:00:00,5,65,"Datos de prueba 2",turno3,09:00:00,09:15:00,null
47889,909,2026-04-04,07:00:00,09:00:00,10,71,"Datos de prueba 2",turno3,09:00:00,09:15:00,null
27648,909,2026-03-31,15:00:00,17:00:00,3,90,"Datos de prueba 2",turno1,17:00:00,17:15:00,null
27458,909,2026-03-31,19:00:00,22:30:00,1,64,"Datos de prueba 2",turno3,22:30:00,22:45:00,null
27458,909,2026-04-01,19:00:00,22:30:00,1,64,"Datos de prueba 2",turno3,22:30:00,22:45:00,null
27615,909,2026-04-04,19:00:00,22:30:00,1,90,"Datos de prueba 2",turno3,22:30:00,22:45:00,null
27615,909,2026-04-03,19:00:00,22:30:00,1,90,"Datos de prueba 2",turno3,22:30:00,22:45:00,null
27615,909,2026-04-05,19:00:00,22:30:00,1,90,"Datos de prueba 2",turno3,22:30:00,22:45:00,null
27635,909,2026-04-01,22:30:00,00:30:00,2,90,"Datos de prueba 2",turno2,00:30:00,00:45:00,null
27635,909,2026-04-04,22:30:00,00:30:00,2,90,"Datos de prueba 2",turno2,00:30:00,00:45:00,null
27635,909,2026-04-04,22:30:00,00:30:00,2,90,"Datos de prueba 2",turno2,00:30:00,00:45:00,null
27615,909,2026-04-05,19:00:00,22:30:00,4,112,"Datos de prueba 2",turno3,22:30:00,22:45:00,null
27475,909,2026-04-01,19:00:00,22:30:00,1,64,"Datos de prueba 2",turno3,22:30:00,22:45:00,null
27475,909,2026-04-01,22:30:00,02:00:00,1,64,"Datos de prueba 2",turno2,02:00:00,02:15:00,null
27475,909,2026-04-01,07:00:00,11:00:00,1,65,"Datos de prueba 2",turno3,11:00:00,11:15:00,null
27475,909,2026-04-01,07:00:00,11:00:00,1,65,"Datos de prueba 2",turno3,11:00:00,11:15:00,null
27475,909,2026-04-04,07:00:00,11:00:00,1,65,"Datos de prueba 2",turno3,11:00:00,11:15:00,null
27475,909,2026-04-04,19:00:00,22:30:00,1,137,"Datos de prueba 2",turno3,22:30:00,22:45:00,null
27475,909,2026-04-04,19:00:00,22:30:00,1,137,"Datos de prueba 2",turno3,22:30:00,22:45:00,null
60040,910,2026-04-16,17:00:00,18:30:00,1,90,"Datos de prueba 2",mixto1,18:30:00,18:45:00,null
60044,910,2026-04-16,19:00:00,22:30:00,1,75,"Datos de prueba 2",turno3,22:30:00,22:45:00,null
60040,910,2026-04-17,17:00:00,18:30:00,3,65,"Datos de prueba 2",mixto1,18:30:00,18:45:00,null
60044,897,2026-04-06,15:00:00,07:00:00,3,65,"Datos de prueba 2",turno1,07:00:00,07:15:00,null
60040,910,2026-04-17,15:00:00,16:30:00,1,90,"Datos de prueba 2",turno1,16:30:00,16:45:00,null
60040,910,2026-04-17,17:00:00,18:30:00,1,90,"Datos de prueba 2",mixto1,18:30:00,18:45:00,null
60040,910,2026-04-17,17:00:00,18:30:00,1,90,"Datos de prueba 2",mixto1,18:30:00,18:45:00,null
60040,910,2026-04-16,17:00:00,18:30:00,4,90,"Datos de prueba 2",mixto1,18:30:00,18:45:00,null
60040,910,2026-04-16,15:00:00,16:30:00,4,90,"Datos de prueba 2",turno1,16:30:00,16:45:00,null
60040,910,2026-04-16,17:00:00,18:30:00,4,90,"Datos de prueba 2",mixto1,18:30:00,18:45:00,null
60040,910,2026-04-16,17:00:00,18:30:00,1,90,"Datos de prueba 2",mixto1,18:30:00,18:45:00,null
60040,910,2026-04-16,22:30:00,02:30:00,1,90,"Datos de prueba 2",turno2,02:30:00,02:45:00,null
60040,910,2026-04-16,22:30:00,02:30:00,1,90,"Datos de prueba 2",turno2,02:30:00,02:45:00,null
60040,910,2026-04-17,22:30:00,02:30:00,1,90,"Datos de prueba 2",turno2,02:30:00,02:45:00,null
60040,910,2026-04-17,22:30:00,02:30:00,1,90,"Datos de prueba 2",turno2,02:30:00,02:45:00,null
60040,910,2026-04-17,22:30:00,02:30:00,1,90,"Datos de prueba 2",turno2,02:30:00,02:45:00,null
60040,910,2026-04-17,22:30:00,02:30:00,1,90,"Datos de prueba 2",turno2,02:30:00,02:45:00,null
60040,910,2026-04-17,17:00:00,21:00:00,1,90,"Datos de prueba 2",mixto1,21:00:00,21:15:00,null
60040,910,2026-04-17,17:00:00,21:00:00,1,90,"Datos de prueba 2",mixto1,21:00:00,21:15:00,null
60040,910,2026-04-17,17:00:00,21:00:00,1,90,"Datos de prueba 2",mixto1,21:00:00,21:15:00,null
60040,910,2026-04-17,17:00:00,21:00:00,1,90,"Datos de prueba 2",mixto1,21:00:00,21:15:00,null
60040,910,2026-04-17,17:00:00,21:00:00,1,90,"Datos de prueba 2",mixto1,21:00:00,21:15:00,null
60040,910,2026-04-17,17:00:00,21:00:00,1,90,"Datos de prueba 2",mixto1,21:00:00,21:15:00,null
60040,910,2026-04-17,22:30:00,02:30:00,1,90,"Datos de prueba 2",turno2,02:30:00,02:45:00,null
60040,910,2026-04-16,22:30:00,02:30:00,1,90,"Datos de prueba 2",turno2,02:30:00,02:45:00,null
60040,910,2026-04-17,22:30:00,02:30:00,1,90,"Datos de prueba 2",turno2,02:30:00,02:45:00,null
60040,910,2026-04-18,22:30:00,02:30:00,1,90,"Datos de prueba 2",turno2,02:30:00,02:45:00,null
60040,910,2026-04-16,15:00:00,07:00:00,1,90,"Datos de prueba 2",turno1,07:00:00,07:15:00,null
60040,910,2026-04-17,15:00:00,07:00:00,1,90,"Datos de prueba 2",turno1,07:00:00,07:15:00,null
60044,910,2026-04-17,19:00:00,22:30:00,1,90,"Datos de prueba 2",turno3,22:30:00,22:45:00,null
60044,910,2026-04-17,19:00:00,22:30:00,1,90,"Datos de prueba 2",turno3,22:30:00,22:45:00,null
60044,910,2026-04-17,19:00:00,22:30:00,1,90,"Datos de prueba 2",turno3,22:30:00,22:45:00,null
60044,910,2026-04-17,15:00:00,09:00:00,1,90,"Datos de prueba 2",turno1,09:00:00,09:15:00,null
60044,910,2026-04-18,15:00:00,09:00:00,1,90,"Datos de prueba 2",turno1,09:00:00,09:15:00,null
60044,910,2026-04-18,17:00:00,11:00:00,1,90,"Datos de prueba 2",mixto1,11:00:00,11:15:00,null
60044,910,2026-04-18,17:00:00,06:00:00,1,90,"Datos de prueba 2",mixto1,06:00:00,06:15:00,null
60044,910,2026-04-18,17:00:00,06:00:00,1,90,"Datos de prueba 2",mixto1,06:00:00,06:15:00,null
60044,910,2026-04-16,17:00:00,18:00:00,1,90,"Datos de prueba 2",mixto1,18:00:00,18:15:00,null
60044,910,2026-04-16,17:00:00,18:00:00,1,90,"Datos de prueba 2",mixto1,18:00:00,18:15:00,null
60040,910,2026-04-17,15:00:00,07:00:00,1,90,"Datos de prueba 2",turno1,07:00:00,07:15:00,null
60040,910,2026-04-17,22:30:00,14:30:00,1,90,"Datos de prueba 2",turno2,14:30:00,14:45:00,null
60040,910,2026-04-16,15:00:00,07:00:00,1,90,"Datos de prueba 2",turno1,07:00:00,07:15:00,null
60040,910,2026-04-17,15:00:00,07:00:00,1,90,"Datos de prueba 2",turno1,07:00:00,07:15:00,null
60040,910,2026-04-17,15:00:00,07:00:00,1,90,"Datos de prueba 2",turno1,07:00:00,07:15:00,null
60040,910,2026-04-17,17:00:00,09:00:00,1,90,"Datos de prueba 2",mixto1,09:00:00,09:15:00,null
60040,910,2026-04-17,17:00:00,09:00:00,1,90,"Datos de prueba 2",mixto1,09:00:00,09:15:00,null
60040,910,2026-04-16,17:00:00,18:00:00,1,90,"Datos de prueba 2",mixto1,18:00:00,18:15:00,null
60040,910,2026-04-16,17:00:00,18:00:00,1,90,"Datos de prueba 2",mixto1,18:00:00,18:15:00,null
60040,910,2026-04-16,17:00:00,18:00:00,1,90,"Datos de prueba 2",mixto1,18:00:00,18:15:00,null
60040,910,2026-04-16,17:00:00,18:00:00,1,112,"Datos de prueba 2",mixto1,18:00:00,18:15:00,null
60040,910,2026-04-16,15:00:00,16:00:00,1,90,"Datos de prueba 2",turno1,16:00:00,16:15:00,null
60040,910,2026-04-16,17:00:00,18:00:00,1,90,"Datos de prueba 2",mixto1,18:00:00,18:15:00,null
60044,910,2026-04-16,17:00:00,18:00:00,1,90,"Datos de prueba 2",mixto1,18:00:00,18:15:00,null
60040,910,2026-04-15,17:00:00,19:00:00,1,90,"Datos de prueba 2",mixto1,19:00:00,19:15:00,null
60044,910,2026-04-16,17:00:00,18:00:00,2,111,"Datos de prueba 2",mixto1,18:00:00,18:15:00,null
60044,910,2026-04-16,17:00:00,18:00:00,2,111,"Datos de prueba 2",mixto1,18:00:00,18:15:00,null
60040,910,2026-04-16,17:00:00,18:00:00,1,90,"Datos de prueba 2",mixto1,18:00:00,18:15:00,null
60044,910,2026-04-16,15:00:00,21:00:00,4,90,"Datos de prueba 2",turno1,21:00:00,21:15:00,null
60044,910,2026-04-17,15:00:00,19:00:00,1,90,"Datos de prueba 2",turno1,19:00:00,19:15:00,null
60044,910,2026-04-16,19:00:00,22:30:00,1,90,"Datos de prueba 2",turno3,22:30:00,22:45:00,null
60044,910,2026-04-17,15:00:00,19:00:00,1,90,"Datos de prueba 2",turno1,19:00:00,19:15:00,null
60044,910,2026-04-16,15:00:00,19:00:00,1,90,"Datos de prueba 2",turno1,19:00:00,19:15:00,null
60044,910,2026-04-17,19:00:00,22:30:00,2,114,"Datos de prueba 2",turno3,22:30:00,22:45:00,null
60044,910,2026-04-17,15:00:00,21:00:00,1,90,"Datos de prueba 2",turno1,21:00:00,21:15:00,null
60044,910,2026-04-18,15:00:00,19:00:00,4,90,"Datos de prueba 2",turno1,19:00:00,19:15:00,null
60028,910,2026-04-16,17:00:00,18:00:00,1,65,"Datos de prueba 2",mixto1,18:00:00,18:15:00,null
60044,910,2026-04-16,15:00:00,21:00:00,1,65,"Datos de prueba 2",turno1,21:00:00,21:15:00,null
60044,910,2026-04-17,15:00:00,19:00:00,4,90,"Datos de prueba 2",turno1,19:00:00,19:15:00,null
60044,910,2026-04-16,15:00:00,21:00:00,4,65,"Datos de prueba 2",turno1,21:00:00,21:15:00,null
60044,910,2026-04-17,15:00:00,19:00:00,4,90,"Datos de prueba 2",turno1,19:00:00,19:15:00,null
60044,910,2026-04-16,15:00:00,07:00:00,1,90,"Datos de prueba 2",turno1,07:00:00,07:15:00,null
60044,910,2026-04-17,15:00:00,07:00:00,1,90,"Datos de prueba 2",turno1,07:00:00,07:15:00,null
60044,910,2026-04-16,15:00:00,21:00:00,1,90,"Datos de prueba 2",turno1,21:00:00,21:15:00,null
60044,910,2026-04-17,15:00:00,19:00:00,1,90,"Datos de prueba 2",turno1,19:00:00,19:15:00,null
60044,910,2026-04-16,15:00:00,21:00:00,1,90,"Datos de prueba 2",turno1,21:00:00,21:15:00,null
60044,910,2026-04-17,15:00:00,19:00:00,1,90,"Datos de prueba 2",turno1,19:00:00,19:15:00,null
60044,910,2026-04-16,15:00:00,19:00:00,1,90,"Datos de prueba 2",turno1,19:00:00,19:15:00,null
60044,910,2026-04-16,15:00:00,19:00:00,1,90,"Datos de prueba 2",turno1,19:00:00,19:15:00,null
60044,910,2026-04-16,15:00:00,21:00:00,1,90,"Datos de prueba 2",turno1,21:00:00,21:15:00,null
60044,910,2026-04-17,15:00:00,19:00:00,1,90,"Datos de prueba 2",turno1,19:00:00,19:15:00,null
60044,910,2026-04-16,15:00:00,19:00:00,1,90,"Datos de prueba 2",turno1,19:00:00,19:15:00,null
60044,910,2026-04-17,15:00:00,21:00:00,1,90,"Datos de prueba 2",turno1,21:00:00,21:15:00,null
60044,910,2026-04-16,15:00:00,07:00:00,1,90,"Datos de prueba 2",turno1,07:00:00,07:15:00,null
60044,910,2026-04-17,15:00:00,07:00:00,1,90,"Datos de prueba 2",turno1,07:00:00,07:15:00,null
60044,910,2026-04-16,15:00:00,07:00:00,1,90,"Datos de prueba 2",turno1,07:00:00,07:15:00,null
60044,910,2026-04-17,15:00:00,07:00:00,2,90,"Datos de prueba 2",turno1,07:00:00,07:15:00,null
60040,910,2026-04-17,17:00:00,19:00:00,1,90,"Datos de prueba 2",mixto1,19:00:00,19:15:00,null
60044,910,2026-04-16,15:00:00,21:00:00,1,90,"Datos de prueba 2",turno1,21:00:00,21:15:00,null
60044,910,2026-04-17,15:00:00,19:00:00,1,90,"Datos de prueba 2",turno1,19:00:00,19:15:00,null
60044,910,2026-04-17,15:00:00,21:00:00,1,90,"Datos de prueba 2",turno1,21:00:00,21:15:00,null
60044,910,2026-04-18,15:00:00,19:00:00,1,90,"Datos de prueba 2",turno1,19:00:00,19:15:00,null
60044,910,2026-04-17,15:00:00,07:00:00,2,90,"Datos de prueba 2",turno1,07:00:00,07:15:00,null
60044,910,2026-04-18,15:00:00,07:00:00,3,90,"Datos de prueba 2",turno1,07:00:00,07:15:00,null
60044,910,2026-04-17,15:00:00,07:00:00,1,80,"Datos de prueba 2",turno1,07:00:00,07:15:00,null
60044,910,2026-04-18,15:00:00,07:00:00,3,75,"Datos de prueba 2",turno1,07:00:00,07:15:00,null
60044,910,2026-04-18,15:00:00,07:00:00,3,75,"Datos de prueba 2",turno1,07:00:00,07:15:00,null
60044,910,2026-04-18,15:00:00,07:00:00,3,75,"Datos de prueba 2",turno1,07:00:00,07:15:00,null
60044,910,2026-04-18,15:00:00,07:00:00,3,75,"Datos de prueba 2",turno1,07:00:00,07:15:00,null
60044,910,2026-04-18,15:00:00,07:00:00,3,75,"Datos de prueba 2",turno1,07:00:00,07:15:00,null
60044,910,2026-04-17,15:00:00,21:00:00,1,90,"Datos de prueba 2",turno1,21:00:00,21:15:00,null
60044,910,2026-04-18,15:00:00,19:00:00,4,90,"Datos de prueba 2",turno1,19:00:00,19:15:00,null
60044,910,2026-04-18,15:00:00,21:00:00,1,90,"Datos de prueba 2",turno1,21:00:00,21:15:00,null
60044,910,2026-04-18,15:00:00,15:00:00,1,90,"Datos de prueba 2",turno1,15:00:00,15:15:00,null
60044,910,2026-04-17,15:00:00,19:00:00,1,73,"Datos de prueba 2",turno1,19:00:00,19:15:00,null
60044,910,2026-04-17,19:00:00,22:30:00,1,90,"Datos de prueba 2",turno3,22:30:00,22:45:00,null
60044,910,2026-04-17,17:00:00,18:00:00,1,90,"Datos de prueba 2",mixto1,18:00:00,18:15:00,null
60044,910,2026-04-17,17:00:00,18:00:00,1,90,"Datos de prueba 2",mixto1,18:00:00,18:15:00,null
60044,910,2026-04-17,17:00:00,18:00:00,1,90,"Datos de prueba 2",mixto1,18:00:00,18:15:00,null
60044,910,2026-04-17,15:00:00,21:00:00,1,90,"Datos de prueba 2",turno1,21:00:00,21:15:00,null
60044,910,2026-04-18,19:00:00,22:30:00,1,90,"Datos de prueba 2",turno3,22:30:00,22:45:00,null
60044,910,2026-04-17,07:00:00,08:00:00,2,90,"Datos de prueba 2",turno3,08:00:00,08:15:00,null
60044,910,2026-04-18,22:30:00,00:30:00,1,90,"Datos de prueba 2",turno2,00:30:00,00:45:00,null
60044,910,2026-04-17,22:30:00,23:30:00,1,90,"Datos de prueba 2",turno2,23:30:00,23:45:00,null
60044,910,2026-04-18,22:30:00,00:30:00,2,90,"Datos de prueba 2",turno2,00:30:00,00:45:00,null
60044,910,2026-04-17,07:00:00,09:00:00,1,90,"Datos de prueba 2",turno3,09:00:00,09:15:00,null
60044,910,2026-04-18,22:30:00,23:30:00,1,90,"Datos de prueba 2",turno2,23:30:00,23:45:00,null
60044,910,2026-04-18,22:30:00,00:30:00,2,90,"Datos de prueba 2",turno2,00:30:00,00:45:00,null
60040,910,2026-04-17,17:00:00,18:00:00,4,110,"Datos de prueba 2",mixto1,18:00:00,18:15:00,null
60040,910,2026-04-17,22:30:00,01:30:00,4,110,"Datos de prueba 2",turno2,01:30:00,01:45:00,null
60040,910,2026-04-17,22:30:00,01:30:00,4,110,"Datos de prueba 2",turno2,01:30:00,01:45:00,null
60040,910,2026-04-17,22:30:00,01:30:00,4,110,"Datos de prueba 2",turno2,01:30:00,01:45:00,null
60040,910,2026-04-17,22:30:00,01:30:00,4,110,"Datos de prueba 2",turno2,01:30:00,01:45:00,null
60040,910,2026-04-17,22:30:00,01:30:00,4,110,"Datos de prueba 2",turno2,01:30:00,01:45:00,null
60040,910,2026-04-17,22:30:00,00:30:00,2,90,"Datos de prueba 2",turno2,00:30:00,00:45:00,null
60040,910,2026-04-18,15:00:00,17:00:00,1,113,"Datos de prueba 2",turno1,17:00:00,17:15:00,null
60040,910,2026-04-17,22:30:00,00:30:00,1,90,"Datos de prueba 2",turno2,00:30:00,00:45:00,null
60040,910,2026-04-18,15:00:00,16:00:00,1,111,"Datos de prueba 2",turno1,16:00:00,16:15:00,null
60040,910,2026-04-17,22:30:00,00:30:00,1,90,"Datos de prueba 2",turno2,00:30:00,00:45:00,null
60040,910,2026-04-18,15:00:00,16:00:00,3,64,"Datos de prueba 2",turno1,16:00:00,16:15:00,null
60040,910,2026-04-17,07:00:00,09:00:00,1,109,"Datos de prueba 2",turno3,09:00:00,09:15:00,null
60040,910,2026-04-18,22:30:00,23:30:00,1,90,"Datos de prueba 2",turno2,23:30:00,23:45:00,null
60040,910,2026-04-17,22:30:00,00:30:00,1,79,"Datos de prueba 2",turno2,00:30:00,00:45:00,null
60040,910,2026-04-17,22:30:00,00:30:00,1,79,"Datos de prueba 2",turno2,00:30:00,00:45:00,null
60040,910,2026-04-17,22:30:00,00:30:00,1,79,"Datos de prueba 2",turno2,00:30:00,00:45:00,null
60040,910,2026-04-18,15:00:00,16:00:00,2,79,"Datos de prueba 2",turno1,16:00:00,16:15:00,null
60044,910,2026-04-17,22:30:00,00:30:00,1,106,"Datos de prueba 2",turno2,00:30:00,00:45:00,null
60044,910,2026-04-17,22:30:00,00:30:00,1,106,"Datos de prueba 2",turno2,00:30:00,00:45:00,null
60044,910,2026-04-18,15:00:00,17:00:00,1,104,"Datos de prueba 2",turno1,17:00:00,17:15:00,null
60044,910,2026-04-18,15:00:00,20:00:00,1,104,"Datos de prueba 2",turno1,20:00:00,20:15:00,null
60044,910,2026-04-18,17:00:00,22:00:00,1,104,"Datos de prueba 2",mixto1,22:00:00,22:15:00,null
60040,910,2026-04-17,17:00:00,20:00:00,2,79,"Datos de prueba 2",mixto1,20:00:00,20:15:00,null
60044,910,2026-04-17,15:00:00,18:00:00,2,79,"Datos de prueba 2",turno1,18:00:00,18:15:00,null
60044,910,2026-04-18,15:00:00,16:00:00,1,81,"Datos de prueba 2",turno1,16:00:00,16:15:00,null
60044,910,2026-04-18,15:00:00,16:00:00,1,81,"Datos de prueba 2",turno1,16:00:00,16:15:00,null
60028,910,2026-04-17,19:00:00,22:30:00,2,90,"Datos de prueba 2",turno3,22:30:00,22:45:00,null
60026,910,2026-04-18,22:30:00,23:30:00,1,114,"Datos de prueba 2",turno2,23:30:00,23:45:00,null
60028,910,2026-04-18,22:30:00,23:30:00,1,113,"Datos de prueba 2",turno2,23:30:00,23:45:00,null
60028,910,2026-04-17,19:00:00,22:30:00,1,78,"Datos de prueba 2",turno3,22:30:00,22:45:00,null
60028,910,2026-04-18,22:30:00,23:30:00,1,81,"Datos de prueba 2",turno2,23:30:00,23:45:00,null
60028,910,2026-04-17,19:00:00,22:30:00,1,108,"Datos de prueba 2",turno3,22:30:00,22:45:00,null
60028,910,2026-04-18,22:30:00,23:30:00,1,111,"Datos de prueba 2",turno2,23:30:00,23:45:00,null
60028,910,2026-04-18,22:30:00,23:30:00,2,108,"Datos de prueba 2",turno2,23:30:00,23:45:00,null
41118,910,2026-04-18,19:00:00,22:30:00,2,109,"Datos de prueba 2",turno3,22:30:00,22:45:00,null
60040,913,2026-04-21,22:30:00,04:30:00,10,63,,turno2,04:30:00,04:45:00,null
60040,913,2026-04-21,22:30:00,04:30:00,10,110,"Datos de prueba 2",turno2,04:30:00,04:45:00,null
60040,913,2026-04-22,11:30:00,15:00:00,10,80,"Datos de prueba 2",turno2,11:30:00,15:15:00,null
60040,913,2026-04-22,22:30:00,04:30:00,10,111,"Datos de prueba 2",turno2,04:30:00,04:45:00,null
60040,913,2026-04-22,11:30:00,15:00:00,10,111,"Datos de prueba 2",turno2,11:30:00,15:15:00,null
60040,913,2026-04-22,22:30:00,04:30:00,10,80,"Datos de prueba 2",turno2,04:30:00,04:45:00,null
60040,913,2026-04-22,22:30:00,04:30:00,10,112,"Datos de prueba 2",turno2,04:30:00,04:45:00,null
60040,913,2026-04-22,22:30:00,04:30:00,12,111,"Datos de prueba 2",turno2,04:30:00,04:45:00,null
60040,913,2026-04-22,22:30:00,02:30:00,3,110,"Datos de prueba 2",turno2,02:30:00,02:45:00,null
60040,913,2026-04-22,22:30:00,04:30:00,10,109,"Datos de prueba 2",turno2,04:30:00,04:45:00,null
60040,913,2026-04-22,07:00:00,13:00:00,10,109,"Datos de prueba 2",turno3,13:00:00,13:15:00,null
60040,913,2026-04-22,01:00:00,04:00:00,8,108,"Datos de prueba 2",,,,null
60040,913,2026-04-23,15:00:00,,1,79,"Datos de prueba 2",turno1,NaN:NaN:00,NaN:NaN:00,null
60040,914,2026-04-29,17:00:00,18:00:00,1,90,"Datos de prueba 2",mixto1,18:00:00,18:15:00,null
60040,914,2026-04-29,17:00:00,18:00:00,1,90,"Datos de prueba 2",mixto1,18:00:00,18:15:00,null
60040,914,2026-04-21,15:00:00,16:00:00,1,90,"Datos de prueba 2",turno1,16:00:00,16:15:00,null
60040,914,2026-04-24,15:00:00,16:00:00,1,90,"Datos de prueba 2",turno1,16:00:00,16:15:00,null
60040,886,2026-03-18,15:00:00,16:00:00,1,90,"Datos de prueba 2",turno1,16:00:00,16:15:00,null
60040,886,2026-03-11,15:00:00,16:00:00,1,90,"Datos de prueba 2",turno1,16:00:00,16:15:00,null
60040,914,2026-04-30,15:00:00,19:00:00,1,90,"Datos de prueba 2",turno1,19:00:00,19:15:00,null
60040,914,2026-05-04,,,1,90,"Datos de prueba 2",,,,null
60040,914,2026-05-04,15:00:00,19:00:00,1,90,"Datos de prueba 2",turno1,19:00:00,19:15:00,null
60040,914,2026-05-05,18:30:00,21:30:00,4,90,"Datos de prueba 2",mixto2,21:30:00,21:45:00,null
60040,921,2026-05-04,17:00:00,18:00:00,10,90,"Datos de prueba 2",mixto4,18:00:00,18:15:00,null
60044,921,2026-04-29,17:00:00,19:00:00,5,81,"Datos de prueba 2",mixto4,19:00:00,19:15:00,null
60040,922,2026-05-08,,,1,90,"Datos de prueba 2",,,,null
60040,922,2026-05-04,18:30:00,19:30:00,2,90,"Datos de prueba 2",mixto2,19:30:00,19:45:00,null
51947,925,2026-05-06,17:00:00,18:00:00,1,90,"Datos de prueba 2",mixto4,18:00:00,18:15:00,null
60040,921,2026-04-29,01:00:00,04:00:00,8,90,"Datos de prueba 2",,,,null
60040,921,2026-05-01,01:00:00,04:00:00,8,90,"Datos de prueba 2",,,,null
60040,921,2026-04-30,01:00:00,04:00:00,8,90,"Datos de prueba 2",,,,null
60044,1,2026-05-07,15:00:00,22:30:00,10,82,"Datos de prueba 2",turno2,22:30:00,22:45:00,
28143,5,2026-04-27,07:00:00,15:00:00,10,63,"Datos de prueba 2",turno1,15:00:00,15:15:00,
27749,6,2026-05-01,22:30:00,07:00:00,12,90,"Datos de prueba 2",turno3,07:00:00,07:15:00,
27749,6,2026-05-01,08:30:00,18:30:00,12,90,"Datos de prueba 2",mixto2,18:30:00,18:45:00,
45510,6,2026-05-01,07:00:00,15:00:00,12,90,"Datos de prueba 2",turno1,15:00:00,15:15:00,
51851,6,2026-05-01,15:00:00,22:30:00,12,90,"Datos de prueba 2",turno2,22:30:00,22:45:00,
58424,6,2026-05-01,08:30:00,18:30:00,12,90,"Datos de prueba 2",mixto2,18:30:00,18:45:00,
60300,6,2026-05-01,08:30:00,18:30:00,12,90,"Datos de prueba 2",mixto2,18:30:00,18:45:00,
59939,6,2026-05-01,07:00:00,15:00:00,12,90,"Datos de prueba 2",turno1,15:00:00,15:15:00,
28017,6,2026-05-01,22:30:00,07:00:00,12,90,"Datos de prueba 2",turno3,07:00:00,07:15:00,
28143,5,2026-04-27,07:00:00,15:00:00,10,63,"Datos de prueba 2",turno1,15:00:00,15:15:00,
59697,6,2026-04-30,01:00:00,04:00:00,8,90,"Datos de prueba 2",,,,
58424,6,2026-05-01,08:30:00,18:30:00,12,90,"Datos de prueba 2",mixto2,18:30:00,18:45:00,
35025,15,2026-05-15,07:00:00,08:00:00,7,90,"Datos de prueba 2",turno3,08:00:00,08:15:00,
59936,15,2026-05-11,17:00:00,19:00:00,7,90,"Datos de prueba 2",mixto1,19:00:00,19:15:00,
59936,15,2026-05-11,17:00:00,19:00:00,7,90,"Datos de prueba 2",mixto1,19:00:00,19:15:00,
59609,15,2026-05-16,14:00:00,15:00:00,7,90,Anticipo,turno2,15:00:00,15:15:00,
32660,15,2026-05-15,14:00:00,15:00:00,7,90,Anticipo,turno2,15:00:00,15:15:00,
46472,22,2026-05-17,15:00:00,22:00:00,7,90,"Datos de prueba 2",turno1,22:00:00,22:15:00,
46472,22,2026-05-17,15:00:00,22:00:00,7,90,"Datos de prueba 2",turno1,22:00:00,22:15:00,
46472,22,2026-05-17,18:30:00,01:30:00,7,90,"Datos de prueba 2",mixto2,01:30:00,01:45:00,
46472,22,2026-05-17,17:00:00,00:00:00,7,90,"Datos de prueba 2",mixto1,00:00:00,00:15:00,
57647,23,2026-05-18,15:00:00,17:00:00,7,90,Devoluciones,turno1,17:00:00,17:15:00,
59703,24,2026-05-20,22:30:00,02:00:00,1,90,vacaciones,turno2,02:00:00,02:15:00,
49208,25,2026-05-21,15:00:00,19:00:00,1,82,vacaciones,turno1,19:00:00,19:15:00,
49208,25,2026-05-22,15:00:00,19:00:00,1,82,vacaciones,turno1,19:00:00,19:15:00,
57647,26,2026-05-11,15:00:00,17:00:00,7,90,"Cubrir Montacarguista",turno1,17:00:00,17:15:00,
57647,26,2026-05-18,15:00:00,17:00:00,7,90,"Cubrir Montacarguista",turno1,17:00:00,17:15:00,
57647,26,2026-05-19,15:00:00,18:30:00,7,90,Devoluciones,turno1,18:30:00,18:45:00,
57647,26,2026-05-20,15:00:00,16:00:00,7,90,"Cubrir Montacarguista",turno1,16:00:00,16:15:00,
51253,26,2026-05-23,15:00:00,19:00:00,7,90,"Cubrir Montacarguista",turno1,19:00:00,19:15:00,
56188,26,2026-05-18,15:00:00,18:00:00,7,90,Devoluciones,turno1,18:00:00,18:15:00,
56188,26,2026-05-19,15:00:00,19:00:00,7,90,"Cubrir Montacarguista",turno1,19:00:00,19:15:00,
56188,26,2026-05-20,15:00:00,17:00:00,7,90,"Cubrir Montacarguista",turno1,17:00:00,17:15:00,
56189,26,2026-05-18,22:30:00,23:30:00,7,90,Devoluciones,turno2,23:30:00,23:45:00,
56189,26,2026-05-21,15:00:00,19:00:00,7,90,"Cubrir Montacarguista",turno1,19:00:00,19:15:00,
38325,26,2026-05-20,15:00:00,17:00:00,7,90,"Cubrir Montacarguista",turno1,17:00:00,17:15:00,
38325,26,2026-05-21,15:00:00,17:00:00,7,90,"Cubrir Montacarguista",turno1,17:00:00,17:15:00,
50707,26,2026-05-22,15:00:00,20:00:00,7,90,"Cubrir Montacarguista",turno1,20:00:00,20:15:00,
51253,26,2026-05-19,15:00:00,18:00:00,7,90,Devoluciones,turno1,18:00:00,18:15:00,
27982,26,2026-05-18,15:00:00,19:30:00,7,90,"Cubrir Montacarguista",turno1,19:30:00,19:45:00,
27982,26,2026-05-19,15:00:00,19:30:00,7,90,"Cubrir Montacarguista",turno1,19:30:00,19:45:00,
59694,26,2026-05-18,15:00:00,19:30:00,7,90,"Cubrir Montacarguista",turno1,19:30:00,19:45:00,
60027,26,2026-05-21,15:00:00,19:00:00,7,90,"Cubrir Montacarguista",turno1,19:00:00,19:15:00,
27866,26,2026-05-18,15:00:00,19:00:00,7,90,"Cubrir Montacarguista",turno1,19:00:00,19:15:00,
27866,26,2026-05-20,15:00:00,17:00:00,7,90,"Cubrir Montacarguista",turno1,17:00:00,17:15:00,
27866,26,2026-05-22,15:00:00,18:00:00,7,90,"Cubrir Montacarguista",turno1,18:00:00,18:15:00,
49821,26,2026-05-18,15:00:00,19:00:00,7,90,"Cubrir Montacarguista",turno1,19:00:00,19:15:00,
49821,26,2026-05-20,15:00:00,17:00:00,7,90,"Cubrir Montacarguista",turno1,17:00:00,17:15:00,
49821,26,2026-05-22,15:00:00,18:00:00,7,90,"Cubrir Montacarguista",turno1,18:00:00,18:15:00,
49821,26,2026-05-21,15:00:00,18:00:00,7,90,"Apoyo en Mermas",turno1,18:00:00,18:15:00,
27635,26,2026-05-19,15:00:00,19:00:00,7,90,"Apoyo en Mermas",turno1,19:00:00,19:15:00,
27635,26,2026-05-20,15:00:00,19:00:00,7,90,"Apoyo en Mermas",turno1,19:00:00,19:15:00,
58953,26,2026-05-20,15:00:00,19:00:00,7,90,"Apoyo en Mermas",turno1,19:00:00,19:15:00,
40827,26,2026-05-20,15:00:00,18:00:00,7,90,"Cubrir Montacarguista",turno1,18:00:00,18:15:00,
40827,26,2026-05-22,15:00:00,20:00:00,7,90,"Cubrir Montacarguista",turno1,20:00:00,20:15:00,
40827,26,2026-05-23,15:00:00,16:00:00,7,90,"Cubrir Montacarguista",turno1,16:00:00,16:15:00,
38264,26,2026-05-22,22:30:00,02:30:00,7,90,"Apoyo en Mermas",turno2,02:30:00,02:45:00,
57577,26,2026-05-20,15:00:00,17:30:00,7,90,Devoluciones,turno1,17:30:00,17:45:00,
57577,26,2026-05-21,15:00:00,18:30:00,7,90,Devoluciones,turno1,18:30:00,18:45:00,
57647,26,2026-05-23,15:00:00,18:30:00,7,90,"Cubrir Montacarguista",turno1,18:30:00,18:45:00,
56189,26,2026-05-23,07:00:00,10:30:00,7,90,"Cubrir Montacarguista",turno3,10:30:00,10:45:00,
54495,27,2026-05-18,16:30:00,17:30:00,7,90,Devoluciones,mixto3,17:30:00,17:45:00,
54495,27,2026-05-19,16:30:00,17:30:00,7,90,"Revision de Metricas",mixto3,17:30:00,17:45:00,
54495,27,2026-05-20,16:30:00,17:30:00,7,90,Inspecciones,mixto3,17:30:00,17:45:00,
54495,27,2026-05-21,16:30:00,18:30:00,7,90,Inspecciones,mixto3,18:30:00,18:45:00,
59936,27,2026-05-21,16:30:00,17:30:00,7,90,"Captura de Facturas",mixto3,17:30:00,17:45:00,
59936,27,2026-05-22,16:30:00,17:30:00,7,90,"Captura de Facturas",mixto3,17:30:00,17:45:00,
55504,27,2026-05-20,16:30:00,17:30:00,7,90,Devoluciones,mixto3,17:30:00,17:45:00,
55504,27,2026-05-21,16:30:00,17:30:00,7,90,Devoluciones,mixto3,17:30:00,17:45:00,
55504,27,2026-05-22,16:30:00,17:30:00,7,90,Devoluciones,mixto3,17:30:00,17:45:00,
27777,27,2026-05-20,18:30:00,19:30:00,7,90,"Trabajos Extraordinarios",mixto2,19:30:00,19:45:00,
27777,27,2026-05-22,18:30:00,19:30:00,7,90,"Trabajos Extraordinarios",mixto2,19:30:00,19:45:00,
27777,27,2026-05-23,15:00:00,20:00:00,7,90,"Trabajos Extraordinarios",turno1,20:00:00,20:15:00,
32660,27,2026-05-18,15:00:00,18:30:00,7,90,"Trabajos Extraordinarios",turno1,18:30:00,18:45:00,
32660,27,2026-05-20,15:00:00,17:00:00,7,90,"Trabajos Extraordinarios",turno1,17:00:00,17:15:00,
32660,27,2026-05-23,15:00:00,21:30:00,7,90,"Trabajos Extraordinarios",turno1,21:30:00,21:45:00,
32660,27,2026-05-19,15:00:00,18:30:00,7,90,"Trabajos Extraordinarios",turno1,18:30:00,18:45:00,
56189,28,2026-05-21,01:00:00,04:00:00,8,90,"Reducción de Descanso",,,,
56189,28,2026-05-24,,,8,90,"Reducción de Descanso",,,,
50814,28,2026-05-22,,,8,90,"Reduccion de horario",turno1,20:00:00,20:15:00,
59609,27,2026-05-24,15:00:00,20:00:00,7,90,"Trabajos extraordinarios",turno1,20:00:00,20:15:00,
50156,27,2026-05-24,15:00:00,20:00:00,7,90,"Trabajos extraordinarios",turno1,20:00:00,20:15:00,
52530,27,2026-05-23,10:30:00,22:30:00,7,90,"Trabajos extraordinarios",turno3,22:30:00,22:45:00,
52530,27,2026-05-24,10:30:00,22:30:00,7,90,"Trabajos extraordinarios",turno3,22:30:00,22:45:00,
27777,27,2026-05-23,18:30:00,23:30:00,7,90,Doblete,mixto2,23:30:00,23:45:00,
52530,27,2026-05-23,19:00:00,22:30:00,7,90,Anticipo,turno3,22:30:00,22:45:00,
52530,27,2026-05-24,19:00:00,22:30:00,7,90,Anticipo,turno3,22:30:00,22:45:00,
54495,27,2026-05-18,17:00:00,18:00:00,7,90,Inspecciones,mixto1,18:00:00,18:15:00,
54495,27,2026-05-19,17:00:00,18:00:00,7,90,Inspecciones,mixto1,18:00:00,18:15:00,
54495,27,2026-05-20,17:00:00,18:00:00,7,90,Inspecciones,mixto1,18:00:00,18:15:00,
54495,27,2026-05-21,17:00:00,19:00:00,7,90,Devoluciones,mixto1,19:00:00,19:15:00,
59936,27,2026-05-21,17:00:00,18:00:00,7,90,"Capturar facturas",mixto1,18:00:00,18:15:00,
59936,27,2026-05-20,17:00:00,18:00:00,7,90,"Capturar facturas",mixto1,18:00:00,18:15:00,
55504,27,2026-05-20,17:00:00,18:00:00,7,90,Devoluciones,mixto1,18:00:00,18:15:00,
55504,27,2026-05-21,17:00:00,18:00:00,7,90,Devoluciones,mixto1,18:00:00,18:15:00,
55504,27,2026-05-22,17:00:00,18:00:00,7,90,Devoluciones,mixto1,18:00:00,18:15:00,
38264,26,2026-05-22,11:00:00,15:00:00,7,90,Anticipo,turno2,15:00:00,15:15:00,
56189,26,2026-05-18,07:00:00,08:00:00,7,90,Devoluciones,turno3,08:00:00,08:15:00,
57647,26,2026-05-23,15:00:00,18:30:00,7,90,"Cubrir montacarguista",turno1,18:30:00,18:45:00,
59579,26,2026-05-23,15:00:00,19:00:00,7,90,"Cubrir montacarguista",turno1,19:00:00,19:15:00,
56190,26,2026-05-22,19:00:00,22:30:00,7,90,Anticipo,turno3,22:30:00,22:45:00,
56190,26,2026-05-24,15:00:00,19:00:00,7,90,"Cubrir montacarguista",turno1,19:00:00,19:15:00,
55504,27,2026-05-22,17:00:00,18:00:00,1,90,"Cubrir montacarguista",mixto1,18:00:00,18:15:00,
59936,27,2026-05-22,17:00:00,18:00:00,7,90,"Capturar facturas",mixto1,18:00:00,18:15:00,
55504,27,2026-05-22,17:00:00,18:00:00,7,90,Devoluciones,mixto1,18:00:00,18:15:00,
56189,28,2026-05-24,,,8,90,Reduccion,,,,
56189,28,2026-05-24,10:00:00,15:00:00,8,90,Anticipo,turno2,15:00:00,15:15:00,
50814,28,2026-05-22,01:00:00,04:00:00,8,90,Anticipo,turno2,15:00:00,15:15:00,
50814,28,2026-05-22,,,8,90,Anticipo,turno2,15:00:00,15:15:00,
50814,28,2026-05-22,10:00:00,15:00:00,8,90,Anticipo,turno2,15:00:00,15:15:00,
56189,26,2026-05-23,19:00:00,22:30:00,7,90,Anticipo,turno3,22:30:00,22:45:00,
57647,26,2026-05-23,15:00:00,18:30:00,7,90,"Cubrir montacarguista",turno1,18:30:00,18:45:00,
50814,28,2026-05-22,,,8,90,"Reduccion de descanso",turno1,18:30:00,18:45:00,
56190,26,2026-05-22,10:30:00,22:30:00,7,90,Anticipo,turno3,22:30:00,22:45:00,
56190,29,2026-05-22,07:00:00,10:30:00,7,90,...,turno3,10:30:00,10:45:00,
56190,26,2026-05-22,19:00:00,22:30:00,7,90,Anticipo,turno3,22:30:00,22:45:00,
28082,30,2026-05-18,10:30:00,22:30:00,1,90,Anticipo,turno3,22:30:00,22:45:00,
56189,28,2026-05-24,,,8,90,"Reducción de descanso",,,,
56189,28,2026-05-24,,,8,90,"Reduccion de descanso",,,,
56189,29,2026-05-24,01:00:00,04:00:00,8,90,..,,,,
56189,29,2026-05-24,01:00:00,04:00:00,8,90,..,,,,
56189,28,2026-05-24,,,8,90,"Cubrir a 12 horas",,,,
56189,29,2026-05-24,,,8,90,...,,,,
56189,29,2026-05-24,01:00:00,06:00:00,8,90,..,,,,
60040,31,2026-05-26,01:00:00,06:00:00,8,90,"Datos de prueba 2",,,,
56189,28,2026-05-24,,,8,90,REDUCCIÓN,,,,
60040,31,2026-05-26,01:00:00,06:00:00,8,90,"Datos de prueba 2",,,,
59276,32,2026-05-25,15:00:00,18:00:00,7,90,"Cubrir montacarguista",turno1,18:00:00,18:15:00,
59609,33,2026-05-25,15:00:00,19:30:00,7,90,"Cubrir vacaciones",turno1,19:30:00,19:45:00,
52530,33,2026-05-25,19:30:00,22:30:00,7,90,Anticipo,turno3,22:30:00,22:45:00,
28182,34,2026-06-01,13:00:00,15:00:00,7,90,Anticipo,turno2,15:00:00,15:15:00,
28182,34,2026-06-05,10:30:00,22:30:00,7,90,...,turno3,22:30:00,22:45:00,
60040,33,2026-05-21,22:30:00,23:30:00,3,90,"Datos de prueba 2",turno2,23:30:00,23:45:00,
55075,48,2026-05-31,08:30:00,18:30:00,10,90,CIERRE,mixto2,18:30:00,18:45:00,
28082,46,2026-06-01,16:30:00,19:00:00,7,90,Pruebas,mixto3,19:00:00,19:15:00,
60040,39,2026-06-03,15:00:00,18:30:00,1,90,VACACIONES,turno1,18:30:00,18:45:00,
60040,39,2026-06-04,15:00:00,16:00:00,4,90,CAPACITACION,turno1,16:00:00,16:15:00,
60040,39,2026-06-04,22:30:00,23:30:00,1,90,VACACIONES,turno2,23:30:00,23:45:00,
60040,39,2026-06-04,15:00:00,16:00:00,4,90,CAPACITACION,turno1,16:00:00,16:15:00,
60040,39,2026-06-03,22:30:00,23:30:00,1,90,VACACIONES,turno2,23:30:00,23:45:00,
60040,39,2026-06-05,10:30:00,22:30:00,7,90,pruebas,turno3,22:30:00,22:45:00,
60040,39,2026-06-05,01:00:00,03:30:00,8,90,"Datos de prueba 2",,,,
60040,39,2026-06-08,01:00:00,04:00:00,8,90,"Datos de prueba 2",,,,
60040,39,2026-06-04,01:00:00,06:00:00,8,90,"Inserción de prueba (Datos no reales)",,,,
60040,64,2026-06-08,18:30:00,22:30:00,1,90,VACACIONES,mixto2,22:30:00,22:45:00,
60040,64,2026-06-08,18:30:00,21:00:00,7,90,"Datos de prueba 2",mixto2,21:00:00,21:15:00,
60040,64,2026-06-09,07:00:00,13:00:00,7,90,uhuj,turno3,13:00:00,13:15:00,
60040,64,2026-06-09,07:00:00,11:00:00,7,90,uhuj,turno3,11:00:00,11:15:00,
56360,81,2026-06-08,21:30:00,22:30:00,7,90,Anticipo,turno3,22:30:00,22:45:00,
56360,81,2026-06-09,15:00:00,21:00:00,7,90,"Datos de prueba 2",turno1,21:00:00,21:15:00,
56360,81,2026-06-08,07:00:00,13:00:00,7,90,"Datos de prueba 2",turno3,13:00:00,13:15:00,
56360,81,2026-06-08,21:30:00,22:30:00,7,90,Anticipo,turno3,22:30:00,22:45:00,
56360,81,2026-06-08,07:00:00,13:00:00,7,90,"Datos de prueba 2",turno3,13:00:00,13:15:00,
56360,81,2026-06-09,07:00:00,13:00:00,7,90,"Datos de prueba 2",turno3,13:00:00,13:15:00,
56360,81,2026-06-09,21:30:00,22:30:00,7,90,Anticipo,turno3,22:30:00,22:45:00,
35025,106,2026-06-27,15:00:00,18:00:00,7,90,"Datos de prueba 2",turno1,18:00:00,18:15:00,
35025,106,2026-06-27,15:00:00,18:00:00,7,90,"Datos de prueba 2",turno1,18:00:00,18:15:00,
60040,174,2026-07-13,15:00:00,16:00:00,7,90,"Datos de prueba 2",turno1,16:00:00,16:15:00,
60040,174,2026-07-14,15:00:00,16:00:00,7,90,"Datos de prueba 2",turno1,16:00:00,16:15:00,
53224,247,2026-07-30,15:00:00,19:00:00,1,90,VACACIONES,turno1,19:00:00,19:15:00,
55268,269,2026-08-02,18:30:00,23:30:00,7,90,Doblete,mixto2,23:30:00,23:45:00,
